{"loss": 0.015409501622600626, "_timestamp": 1647196265, "_runtime": 1156, "_step": 799, "accuracy": 0.8302354399008675, "_wandb": {"runtime": 1166}}